Family	Genus	Species	ScientificName	ScientificNameAuthorship
Saururaceae	Anemopsis	californica 	Anemopsis californica	(Nutt.) Hook. & Arn.
Adoxaceae	Sambucus	nigra 	Sambucus nigra	L. subsp. caerulea (Raf.) Bolli
Aizoaceae	Carpobrotus	chilensis 	Carpobrotus chilensis	(Molina) N.E. Br.
Aizoaceae	Carpobrotus	edulis 	Carpobrotus edulis	(L.) N.E. Br.
Aizoaceae	Mesembryanthemum	crystallinum 	Mesembryanthemum crystallinum	L.
Aizoaceae	Mesembryanthemum	nodiflorum 	Mesembryanthemum nodiflorum	L.
Aizoaceae	Tetragonia	tetragonioides 	Tetragonia tetragonioides	(Pall.) Kuntze
Amaranthaceae	Amaranthus	albus 	Amaranthus albus	L.
Amaranthaceae	Amaranthus	blitoides 	Amaranthus blitoides	S.Watson
Amaranthaceae	Amaranthus	deflexus 	Amaranthus deflexus	L.
Amaranthaceae	Amaranthus	powellii 	Amaranthus powellii	S.Watson
Anacardiaceae	Rhus	integrifolia 	Rhus integrifolia	(Nutt.) Rothr.
Anacardiaceae	Rhus	ovata 	Rhus ovata	S. Watson
Anacardiaceae	Schinus	molle 	Schinus molle	L.
Anacardiaceae	Toxicodendron	diversilobum 	Toxicodendron diversilobum	(Torr. & A. Gray) Greene
Apiaceae	Apiastrum	angustifolium 	Apiastrum angustifolium	Nutt.
Apiaceae	Apium	graveolens 	Apium graveolens	L.
Apiaceae	Berula	erecta 	Berula erecta	(Huds.)Coville
Apiaceae	Bowlesia	incana 	Bowlesia incana	Ruiz & Pav.
Apiaceae	Conium	maculatum 	Conium maculatum	L.
Apiaceae	Daucus	pusillus 	Daucus pusillus	Michx.
Apiaceae	Foeniculum	vulgare 	Foeniculum vulgare	Mill.
Apiaceae	Lomatium	caruifolium 	Lomatium caruifolium	(Hook. & Arn.) J.M. Coult. & Rose
Apiaceae	Lomatium	utriculatum 	Lomatium utriculatum	(Nutt.) Coult. & Rose
Apiaceae	Sanicula	arguta 	Sanicula arguta	J.M. Coult. & Rose
Apiaceae	Sanicula	hoffmannii 	Sanicula hoffmannii	(Munz)R.H.Shan&Constance
Apiaceae	Torilis	arvensis 	Torilis arvensis	(Huds.) Link
Apiaceae	Torilis	nodosa 	Torilis nodosa	(L.) Gaertn.
Apiaceae	Yabea	microcarpa 	Yabea microcarpa	(Hook. & Arn.) Koso-Pol.
Apocynaceae	Asclepias	fascicularis 	Asclepias fascicularis	Decne.
Apocynaceae	Vinca	major 	Vinca major	L.
Asteraceae	1	millefolium 	Achillea millefolium	1
Asteraceae	Achillea	mollis 	Achyrachaena mollis	L.
Asteraceae	Achyrachaena	microcephala 	Acourtia microcephala	Schauer
Asteraceae	Acourtia	grandiflora 	Agoseris grandiflora	DC.
Asteraceae	Agoseris	pusillus 	Amblyopappus pusillus	(Nutt.) Greene var. grandiflora
Asteraceae	Amblyopappus	chamissonis 	Ambrosia chamissonis	Hook. & Arn.
Asteraceae	Ambrosia	psilostachya 	Ambrosia psilostachya	(Less.) Greene
Asteraceae	Ambrosia	cotula 	Anthemis cotula	DC.
Asteraceae	Anthemis	californica 	Artemisia californica	L.
Asteraceae	Artemisia	douglasiana 	Artemisia douglasiana	Less.
Asteraceae	Artemisia	glutinosa 	Baccharis glutinosa	Besser
Asteraceae	Baccharis	pilularis 	Baccharis pilularis	Pers.
Asteraceae	Baccharis	plummerae 	Baccharis plummerae	DC. subsp. consanguinea (DC.) C.B. Wolf
Asteraceae	Baccharis	salicifolia 	Baccharis salicifolia	A. Gray ssp. Plummerae
Asteraceae	Baccharis	nanum 	Blennosperma nanum	(Ruiz & Pav.) Pers. subsp. salicifolia
Asteraceae	Blennosperma	californica 	Brickellia californica	(Hook.) S.F. Blake var. nanum
Asteraceae	Brickellia	pycnocephalus 	Carduus pycnocephalus	(Torr. & A. Gray) A. Gray
Asteraceae	Carduus	benedicta 	Centaurea benedicta	L. subsp. pycnocephalus
Asteraceae	Centaurea	melitensis 	Centaurea melitensis	(L.) L.
Asteraceae	Centaurea	solstitialis 	Centaurea solstitialis	L.
Asteraceae	Centaurea	fitchii 	Centromadia fitchii	L.
Asteraceae	Centromadia	intybus 	Cichorium intybus	(A. Gray) Greene
Asteraceae	Cichorium	brevistylum 	Cirsium brevistylum	L.
Asteraceae	Cirsium	occidentale 	Cirsium occidentale	Cronquist
Asteraceae	Cirsium	occidentale 	Cirsium occidentale	(Nutt.) Jeps. var. californicum (A. Gray) D.J. Keil & C.E. Turner
Asteraceae	Cirsium	vulgare 	Cirsium vulgare	(Nutt.) Jeps. var. occidentale
Asteraceae	Cirsium	filaginifolia 	Corethrogyne filaginifolia	(Savi) Ten.
Asteraceae	Corethrogyne	australis 	Cotula australis	(Hook. & Arn.) Nutt.
Asteraceae	Cotula	coronopifolia 	Cotula coronopifolia	(Spreng.) Hook. f.
Asteraceae	Cotula	cardunculus 	Cynara cardunculus	L.
Asteraceae	Cynara	clementina 	Deinandra clementina	L. subsp. flavescens Wiklund
Asteraceae	Deinandra	fasciculata 	Deinandra fasciculata	(Brandegee) B.G. Baldwin
Asteraceae	Deinandra	increscens 	Deinandra increscens	(DC.) Greene
Asteraceae	Deinandra	californica 	Encelia californica	(D. D. Keck) B.G. Baldwin ssp. increscens
Asteraceae	Encelia	ericoides 	Ericameria ericoides	Nutt.
Asteraceae	Ericameria	bonariensis 	Erigeron bonariensis	(Less.) Jeps.
Asteraceae	Erigeron	canadensis 	Erigeron canadensis	L.
Asteraceae	Erigeron	foliosus 	Erigeron foliosus	L.
Asteraceae	Erigeron	glaucus 	Erigeron glaucus	Nutt. var. foliosus
Asteraceae	Erigeron	sanctarum 	Erigeron sanctarum	Ker Gawl.
Asteraceae	Erigeron	sumatrensis 	Erigeron sumatrensis	S. Watson
Asteraceae	Erigeron	confertiflorum 	Eriophyllum confertiflorum	Retz.
Asteraceae	Eriophyllum	staechadifolium 	Eriophyllum staechadifolium	(DC.) A. Gray var. confertiflorum
Asteraceae	Eriophyllum	radulina 	Eurybia radulina	Lag.
Asteraceae	Eurybia	ustulata 	Gamochaeta ustulata	(A.Gray) G. L. Nesom
Asteraceae	Gamochaeta	coronaria 	Glebionis coronaria	(Nutt.) Holub
Asteraceae	Glebionis	palustre 	Gnaphalium palustre	(L.) Spach
Asteraceae	Gnaphalium	camporum 	Grindelia camporum	Nutt.
Asteraceae	Grindelia	stricta 	Grindelia stricta	Greene
Asteraceae	Grindelia	detonsa 	Hazardia detonsa	DC. var. platyphylla (Greene)M.A.Lane
Asteraceae	Hazardia	squarrosa 	Hazardia squarrosa	(Greene)Greene
Asteraceae	Hazardia	annuus 	Helianthus annuus	(Hook. & Arn.) Greene var. grindelioides (DC.) W.D. Clark
Asteraceae	Helianthus	echioides 	Helminthotheca echioides	L.
Asteraceae	Helminthotheca	grandiflora 	Heterotheca grandiflora	(L.) Holub
Asteraceae	Heterotheca	argutum 	Hieracium argutum	Nutt.
Asteraceae	Hieracium	glabra 	Hypochaeris glabra	Nutt.
Asteraceae	Hypochaeris	menziesii 	Isocoma menziesii	L.
Asteraceae	Isocoma	menziesii 	Isocoma menziesii	(Hook. & Arn.) G.L. Nesom var. sedoides (Greene) G.L. Nesom
Asteraceae	Isocoma	carnosa 	Jaumea carnosa	(Hook. & Arn.) G.L. Nesom var. vernonioides (Nutt.) G.L. Nesom
Asteraceae	Jaumea	saligna 	Lactuca saligna	(Less.) A. Gray
Asteraceae	Lactuca	serriola 	Lactuca serriola	L.
Asteraceae	Lactuca	coulteri 	Laënnecia coulteri	L.
Asteraceae	Laënnecia	gracilis 	Lasthenia gracilis	(A. Gray) G.L. Nesom
Asteraceae	Lasthenia	platyglossa 	Layia platyglossa	(DC.) Greene
Asteraceae	Layia	squamatum 	Lepidospartum squamatum	(Fisch. & C.A. Mey.) A. Gray
Asteraceae	Lepidospartum	gigantea 	Leptosyne gigantea	(A.Gray)A.Gray
Asteraceae	Leptosyne	arizonica 	Logfia arizonica	Kellogg
Asteraceae	Logfia	filaginoides 	Logfia filaginoides	(A. Gray) Holub
Asteraceae	Logfia	gallica 	Logfia gallica	(Hook. & Arn.) Morefield
Asteraceae	Logfia	exigua 	Madia exigua	(L.) Coss. & Germ.
Asteraceae	Madia	gracilis 	Madia gracilis	(Sm.) A. Gray
Asteraceae	Madia	sativa 	Madia sativa	(Sm.) Applegate
Asteraceae	Madia	coulteri 	Malacothrix coulteri	Molina
Asteraceae	Malacothrix	indecora 	Malacothrix indecora	Harv. & A. Gray
Asteraceae	Malacothrix	saxatilis 	Malacothrix saxatilis	Greene
Asteraceae	Malacothrix	similis 	Malacothrix similis	(Nutt.) Torr. & A. Gray var. implicata (Eastw.) H.M. Hall
Asteraceae	Malacothrix	squalida 	Malacothrix squalida	W.S. Davis & P.H. Raven
Asteraceae	Malacothrix	discoidea 	Matricaria discoidea	Greene
Asteraceae	Matricaria	californicus 	Micropus californicus	DC.
Asteraceae	Micropus	douglasii 	Microseris douglasii	Fisch. & C.A. Mey. var. californicus
Asteraceae	Microseris	elegans 	Microseris elegans	(DC.) Sch. Bip. subsp. tenella
Asteraceae	Microseris	emoryi 	Perityle emoryi	A. Gray
Asteraceae	Perityle	odorata 	Pluchea odorata	Torr.
Asteraceae	Pluchea	beneolens 	Pseudognaphalium beneolens	(L.) Cass. var. odorata
Asteraceae	Pseudognaphalium	biolettii 	Pseudognaphalium biolettii	(Davidson) Anderb.
Asteraceae	Pseudognaphalium	californicum 	Pseudognaphalium californicum	Anderb.
Asteraceae	Pseudognaphalium	luteoalbum 	Pseudognaphalium luteoalbum	(DC.) Anderb.
Asteraceae	Pseudognaphalium	microcephalum 	Pseudognaphalium microcephalum	(L.) Hilliard & B.L. Burtt
Asteraceae	Pseudognaphalium	ramosissimum 	Pseudognaphalium ramosissimum	(Nutt.) Anderb.
Asteraceae	Pseudognaphalium	stramineum 	Pseudognaphalium stramineum	(Nutt.) Anderb.
Asteraceae	Pseudognaphalium	tenellus 	Psilocarphus tenellus	(Kunth) Anderb.
Asteraceae	Psilocarphus	californica 	Rafinesquia californica	Nutt.
Asteraceae	Rafinesquia	aphanactis 	Senecio aphanactis	Nutt.
Asteraceae	Senecio	flaccidus 	Senecio flaccidus	Greene
Asteraceae	Senecio	glomeratus 	Senecio glomeratus	Less. var. douglasii (DC.) B.L. Turner & T.M. Barkley
Asteraceae	Senecio	vulgaris 	Senecio vulgaris	Poir.
Asteraceae	Senecio	velutina 	Solidago velutina	L.
Asteraceae	Solidago	asper 	Sonchus asper	DC. subsp. californica (Nutt.) Semple
Asteraceae	Sonchus	oleraceus 	Sonchus oleraceus	(L.) Hill subsp. asper
Asteraceae	Sonchus	heterocarpa 	Stebbinsoseris heterocarpa	L.
Asteraceae	Stebbinsoseris	cichoriacea 	Stephanomeria cichoriacea	(Nutt.) K.L. Chambers
Asteraceae	Stephanomeria	diegensis 	Stephanomeria diegensis	A. Gray
Asteraceae	Stephanomeria	exigua 	Stephanomeria exigua	Gottlieb
Asteraceae	Stephanomeria	virgata 	Stephanomeria virgata	Benth. ssp. coronaria
Asteraceae	Stephanomeria	gnaphaloides 	Stylocline gnaphaloides	Benth. subsp. virgata
Asteraceae	Stylocline	chilense 	Symphyotrichum chilense	Nutt.
Asteraceae	Symphyotrichum	subulatum 	Symphyotrichum subulatum	(Nees) G. L. Nesom
Asteraceae	Symphyotrichum	erythrospermum 	Taraxacum erythrospermum	(Michx.) G.L. Nesom
Asteraceae	Taraxacum	officinale 	Taraxacum officinale	Besser
Asteraceae	Taraxacum	porrifolius 	Tragopogon porrifolius	F.H. Wigg.
Asteraceae	Tragopogon	lindleyi 	Uropappus lindleyi	L.
Asteraceae	Uropappus	picroides 	Urospermum picroides	(DC.) Nutt.
Asteraceae	Urospermum	carpesioides 	Venegasia carpesioides	(L.) F.W. Schmidt
Asteraceae	Venegasia	spinosum 	Xanthium spinosum	DC.
Asteraceae	Xanthium	strumarium 	Xanthium strumarium	L.
Asteraceae	Xanthium	pinnata 	Berberis pinnata	L.
Berberidaceae	Berberis	intermedia 	Amsinckia intermedia	Lag. ssp. insularis Munz
Boraginaceae	Amsinckia	menziesii 	Amsinckia menziesii	Fisch. & C.A. Mey.
Boraginaceae	Amsinckia	spectabilis 	Amsinckia spectabilis	(Lehm.) A. Nelson & J.F. Macbr.
Boraginaceae	Amsinckia	clevelandii 	Cryptantha clevelandii	Fisch. & C.A. Mey. var. spectabilis
Boraginaceae	Cryptantha	leiocarpa 	Cryptantha leiocarpa	Greene
Boraginaceae	Cryptantha	muricata 	Cryptantha muricata	(Fisch.&C.A.Mey.)Greene
Boraginaceae	Cryptantha	micromeres 	Johnstonella micromeres	(Hook.&Arn.)A.Nelson&J.F.
Boraginaceae	Johnstonella	heterocarpa 	Pectocarya heterocarpa	(A. Gray) Hasenstab & M.G. Simpson
Boraginaceae	Pectocarya	linearis 	Pectocarya linearis	(I.M. Johnst.) I.M. Johnst.
Boraginaceae	Pectocarya	penicillata 	Pectocarya penicillata	(Ruiz & Pav.) DC. subsp. ferocula (I.M. Johnst.) Thorne
Boraginaceae	Pectocarya	acanthocarpus 	Plagiobothrys acanthocarpus	(Hook. & Arn.) A. DC.
Boraginaceae	Plagiobothrys	canescens 	Plagiobothrys canescens	(Piper) I.M. Johnst.
Boraginaceae	Plagiobothrys	collinus 	Plagiobothrys collinus	Benth. var. catalinensis
Boraginaceae	Plagiobothrys	collinus 	Plagiobothrys collinus	(Phil.) I.M. Johnst. var. californicus (A. Gray) Higgins
Boraginaceae	Plagiobothrys	pusillus 	Athysanus pusillus	(Phil.) I.M. Johnst. var. gracilis (I.M. Johnst.) Higgins
Brassicaceae	Athysanus	hoffmannii 	Boechera hoffmannii	(Hook.) Greene
Brassicaceae	Boechera	nigra 	Brassica nigra	(Munz) Al-Shehbaz
Brassicaceae	Brassica	rapa 	Brassica rapa	(L.) W.D.J. Koch
Brassicaceae	Brassica	maritima 	Cakile maritima	L.
Brassicaceae	Cakile	bursa-	Capsella bursa	Scop.
Brassicaceae	Capsella	californica 	Cardamine californica	pastoris (L.) Medik.
Brassicaceae	Cardamine	oligosperma 	Cardamine oligosperma	(Nutt.) Greene
Brassicaceae	Cardamine	lasiophyllus 	Caulanthus lasiophyllus	Nutt.
Brassicaceae	Caulanthus	pinnata 	Descurainia pinnata	(Hook. & Arn.) Payson
Brassicaceae	Descurainia	cuneifolia 	Draba cuneifolia	(Walter) Britton
Brassicaceae	Draba	insulare 	Erysimum insulare	Torr. & A. Gray
Brassicaceae	Erysimum	incana 	Hirschfeldia incana	Greene
Brassicaceae	Hirschfeldia	procumbens 	Hornungia procumbens	(L.) Lagr.-Fossat
Brassicaceae	Hornungia	draba 	Lepidium draba	(L.) Hayek
Brassicaceae	Lepidium	latipes 	Lepidium latipes	L.
Brassicaceae	Lepidium	nitidum 	Lepidium nitidum	Hook.
Brassicaceae	Lepidium	oblongum 	Lepidium oblongum	Nutt.
Brassicaceae	Lepidium	virginicum 	Lepidium virginicum	Small
Brassicaceae	Lepidium	officinale 	Nasturtium officinale	L. subsp. menziesii (DC.) Thell.
Brassicaceae	Nasturtium	raphanistrum 	Raphanus raphanistrum	W.T. Aiton
Brassicaceae	Raphanus	sativus 	Raphanus sativus	L.
Brassicaceae	Raphanus	filifolia 	Sibara filifolia	L.
Brassicaceae	Sibara	arvensis 	Sinapis arvensis	(Greene) Greene
Brassicaceae	Sinapis	officinale 	Sisymbrium officinale	L.
Brassicaceae	Sisymbrium	conchuliferus 	Thysanocarpus conchuliferus	(L.) Scop.
Brassicaceae	Thysanocarpus	curvipes 	Thysanocarpus curvipes	Greene
Brassicaceae	Thysanocarpus	laciniatus 	Thysanocarpus laciniatus	Hook.
Brassicaceae	Thysanocarpus	glabra 	Turritis glabra	Nutt.
Brassicaceae	Turritis	prolifera 	Cylindropuntia prolifera	L.
Cactaceae	Cylindropuntia	ficus-	Opuntia ficus	(Engelm.) F.M. Knuth
Cactaceae	Opuntia	littoralis 	Opuntia littoralis	indica (L.) Mill.
Cactaceae	Opuntia	oricola 	Opuntia oricola	(Engelm.) Cockerell
Cactaceae	Opuntia	diffusa 	Githopsis diffusa	Philbrick
Campanulaceae	Githopsis	biflora 	Triodanis biflora	A. Gray ssp. diffusa
Campanulaceae	Triodanis	hispidula 	Lonicera hispidula	(Ruiz & Pav.) Greene
Caprifoliaceae	Lonicera	interrupta 	Lonicera interrupta	(Lindl.) Torr. & A. Gray
Caprifoliaceae	Lonicera	subspicata 	Lonicera subspicata	Benth.
Caprifoliaceae	Lonicera	subspicata 	Lonicera subspicata	Hook. & Arn. var. denudata Rehder
Caprifoliaceae	Lonicera	mollis 	Symphoricarpos mollis	Hook. & Arn. var. subspicata
Caprifoliaceae	Symphoricarpos	ramosissimum 	Cardionema ramosissimum	Nutt.
Caryophyllaceae	Cardionema	glomeratum 	Cerastium glomeratum	(Weinm.) A. Nelson & J.F. Macbr.
Caryophyllaceae	Cerastium	douglasii 	Minuartia douglasii	Thuill.
Caryophyllaceae	Minuartia	depressum 	Polycarpon depressum	(Torr. & A. Gray) Mattf.
Caryophyllaceae	Polycarpon	tetraphyllum 	Polycarpon tetraphyllum	Nutt.
Caryophyllaceae	Polycarpon	apetala 	Sagina apetala	(L.) L. var. tetraphyllum
Caryophyllaceae	Sagina	decumbens 	Sagina decumbens	Ard.
Caryophyllaceae	Sagina	antirrhina 	Silene antirrhina	(Elliott) Torr. & A. Gray subsp. occidentalis (S. Watson) G.E. Crow
Caryophyllaceae	Silene	gallica 	Silene gallica	L.
Caryophyllaceae	Silene	laciniata 	Silene laciniata	L.
Caryophyllaceae	Silene	multinervia 	Silene multinervia	Cav. ssp. laciniata
Caryophyllaceae	Silene	bocconi 	Spergularia bocconi	S. Watson
Caryophyllaceae	Spergularia	macrotheca 	Spergularia macrotheca	(Scheele) Graebn.
Caryophyllaceae	Spergularia	marina 	Spergularia marina	(Cham. & Schltdl.) Heynh. var. macrotheca
Caryophyllaceae	Spergularia	villosa 	Spergularia villosa	(L.) Besser
Caryophyllaceae	Spergularia	media 	Stellaria media	(Pers.) Cambess.
Caryophyllaceae	Stellaria	nitens 	Stellaria nitens	(L.) Vill.
Caryophyllaceae	Stellaria	pallida 	Stellaria pallida	Nutt.
Caryophyllaceae	Stellaria	blitoides 	Aphanisma blitoides	(Dumort.) Crép.
Chenopodiaceae	Aphanisma	subterminale 	Arthrocnemum subterminale	Moq.
Chenopodiaceae	Arthrocnemum	argentea 	Atriplex argentea	(Parish) Standl.
Chenopodiaceae	Atriplex	coulteri 	Atriplex coulteri	Nutt. var. expansa (S. Watson) S.L. Welsh & Reveal
Chenopodiaceae	Atriplex	lentiformis 	Atriplex lentiformis	(Moq.) D. Dietr.
Chenopodiaceae	Atriplex	leucophylla 	Atriplex leucophylla	(Torr.) S. Watson
Chenopodiaceae	Atriplex	pacifica 	Atriplex pacifica	(Moq.) D. Dietr.
Chenopodiaceae	Atriplex	prostrata 	Atriplex prostrata	A. Nelson
Chenopodiaceae	Atriplex	semibaccata 	Atriplex semibaccata	DC.
Chenopodiaceae	Atriplex	watsonii 	Atriplex watsonii	R. Br.
Chenopodiaceae	Atriplex	vulgaris 	Beta vulgaris	Abrams
Chenopodiaceae	Beta	berlandieri 	Chenopodium berlandieri	L. subsp. maritima (L.) Arcang.
Chenopodiaceae	Chenopodium	californicum 	Chenopodium californicum	Moq.
Chenopodiaceae	Chenopodium	murale 	Chenopodium murale	(S. Watson) S. Watson
Chenopodiaceae	Chenopodium	ambrosioides 	Dysphania ambrosioides	L.
Chenopodiaceae	Dysphania	californica 	Extriplex californica	(L.) Mosyakin & Clemants
Chenopodiaceae	Extriplex	nuttalliana 	Monolepis nuttalliana	(Moq.) E.M. Zacharias
Chenopodiaceae	Monolepis	pacifica 	Salicornia pacifica	(Schult.) Greene
Chenopodiaceae	Salicornia	australis 	Salsola australis	Standl.
Chenopodiaceae	Salsola	taxifolia 	Suaeda taxifolia	R. Br.
Chenopodiaceae	Suaeda	greenei 	Crocanthemum greenei	(Standl.) Standl.
Cistaceae	Crocanthemum	scoparium 	Crocanthemum scoparium	(B.L. Rob.) Sorrie
Cistaceae	Crocanthemum	macrostegia 	Calystegia macrostegia	(Nutt.) Millsp.
Convolvulaceae	Calystegia	soldanella 	Calystegia soldanella	(Greene) Brummitt subsp. macrostegia
Convolvulaceae	Calystegia	arvensis 	Convolvulus arvensis	(L.) R. Br.
Convolvulaceae	Convolvulus	simulans 	Convolvulus simulans	L.
Convolvulaceae	Convolvulus	truxillensis 	Cressa truxillensis	L.M. Perry
Convolvulaceae	Cressa	pacifica 	Cuscuta pacifica	Kunth
Convolvulaceae	Cuscuta	subinclusa 	Cuscuta subinclusa	Costea & M. Wright var. pacifica
Convolvulaceae	Cuscuta	occidentalis 	Dichondra occidentalis	Durand & Hilg.
Convolvulaceae	Dichondra	connata 	Crassula connata	House
Crassulaceae	Crassula	blochmaniae 	Dudleya blochmaniae	(Ruiz & Pav.) A. Berger
Crassulaceae	Dudleya	candelabrum 	Dudleya candelabrum	(Eastw.) Moran ssp. blochmaniae
Crassulaceae	Dudleya	greenei 	Dudleya greenei	Rose
Crassulaceae	Dudleya	nesiotica 	Dudleya nesiotica	Rose
Crassulaceae	Dudleya	foetidissima 	Cucurbita foetidissima	(Moran) Moran
Cucurbitaceae	Cucurbita	fabacea 	Marah fabacea	Kunth
Cucurbitaceae	Marah	macrocarpa 	Marah macrocarpa	(Naudin) Greene
Cucurbitaceae	Marah	menziesii 	Arbutus menziesii	(Greene) Greene
Ericaceae	Arbutus	crustacea 	Arctostaphylos crustacea	Pursh
Ericaceae	Arctostaphylos	crustacea 	Arctostaphylos crustacea	Eastw. subsp. insulicola (P.V. Wells) V.T. Parker et al.
Ericaceae	Arctostaphylos	insularis 	Arctostaphylos insularis	Eastw. subsp. subcordata (Eastw.) V.T. Parker et al.
Ericaceae	Arctostaphylos	viridissima 	Arctostaphylos viridissima	Parry
Ericaceae	Arctostaphylos	diversifolia 	Comarostaphylis diversifolia	(Eastw.) McMinn
Ericaceae	Comarostaphylis	ovatum 	Vaccinium ovatum	(Parry) Greene subsp. planifolia (Jeps.) G.D. Wallace
Ericaceae	Vaccinium	setiger 	Croton setiger	Pursh
Euphorbiaceae	Croton	maculata 	Euphorbia maculata	Hook.
Euphorbiaceae	Euphorbia	misera 	Euphorbia misera	L.
Euphorbiaceae	Euphorbia	peplus 	Euphorbia peplus	Benth.
Euphorbiaceae	Euphorbia	spathulata 	Euphorbia spathulata	L.
Euphorbiaceae	Euphorbia	melanoxylon 	Acacia melanoxylon	Lam.
Fabaceae	Acacia	americanus 	Acmispon americanus	R. Br.
Fabaceae	Acmispon	argophyllus 	Acmispon argophyllus	(Nutt.) Rydb. var. americanus
Fabaceae	Acmispon	brachycarpus 	Acmispon brachycarpus	var. niveus (Greene)
Fabaceae	Acmispon	dendroideus 	Acmispon dendroideus	(Benth.) D.D. Sokoloff
Fabaceae	Acmispon	grandiflorus 	Acmispon grandiflorus	(Greene) Brouillet var. dendroideus
Fabaceae	Acmispon	maritimus 	Acmispon maritimus	(Benth.) Brouillet var. grandiflorus
Fabaceae	Acmispon	micranthus 	Acmispon micranthus	(Nutt.) D.D. Sokoloff var. maritimus
Fabaceae	Acmispon	parviflorus 	Acmispon parviflorus	(Torr. & A. Gray) Brouillet
Fabaceae	Acmispon	strigosus 	Acmispon strigosus	(Benth.) D.D.Sokoloff
Fabaceae	Acmispon	wrangelianus 	Acmispon wrangelianus	(Nutt.) Brouillet
Fabaceae	Acmispon	lophantha 	Albizia lophantha	(Fisch. & C.A. Mey.) D.D. Sokoloff
Fabaceae	Albizia	didymocarpus 	Astragalus didymocarpus	(Willd.) Benth.
Fabaceae	Astragalus	gambelianus 	Astragalus gambelianus	Hook. & Arn. var. didymocarpus
Fabaceae	Astragalus	miguelensis 	Astragalus miguelensis	E. Sheld.
Fabaceae	Astragalus	trichopodus 	Astragalus trichopodus	Greene
Fabaceae	Astragalus	vestitus 	Lathyrus vestitus	(Nutt.) A. Gray var. lonchus (M.E. Jones) Barneby
Fabaceae	Lathyrus	corniculatus 	Lotus corniculatus	Nutt. var. vestitus
Fabaceae	Lotus	albifrons 	Lupinus albifrons	L.
Fabaceae	Lupinus	albifrons 	Lupinus albifrons	Benth. var. albifrons
Fabaceae	Lupinus	arboreus 	Lupinus arboreus	Benth. var. douglasii (J. Agardh) C.P. Sm.
Fabaceae	Lupinus	bicolor 	Lupinus bicolor	Sims
Fabaceae	Lupinus	concinnus 	Lupinus concinnus	Lindl.
Fabaceae	Lupinus	hirsutissimus 	Lupinus hirsutissimus	J. Agardh
Fabaceae	Lupinus	microcarpus 	Lupinus microcarpus	Benth.
Fabaceae	Lupinus	succulentus 	Lupinus succulentus	Sims var. microcarpus
Fabaceae	Lupinus	truncatus 	Lupinus truncatus	K. Koch
Fabaceae	Lupinus	polymorpha 	Medicago polymorpha	Nutt.
Fabaceae	Medicago	sativa 	Medicago sativa	L.
Fabaceae	Medicago	albus 	Melilotus albus	L.
Fabaceae	Melilotus	indicus 	Melilotus indicus	Medik.
Fabaceae	Melilotus	montana 	Pickeringia montana	(L.) All.
Fabaceae	Pickeringia	sativum 	Pisum sativum	Nutt. var. montana
Fabaceae	Pisum	pseudoacacia 	Robinia pseudoacacia	L.
Fabaceae	Robinia	junceum 	Spartium junceum	L.
Fabaceae	Spartium	albopurpureum 	Trifolium albopurpureum	L.
Fabaceae	Trifolium	ciliolatum 	Trifolium ciliolatum	Torr. & A. Gray
Fabaceae	Trifolium	depauperatum 	Trifolium depauperatum	Benth.
Fabaceae	Trifolium	fucatum 	Trifolium fucatum	Desv. var. truncatum (Greene) Isely)
Fabaceae	Trifolium	gracilentum 	Trifolium gracilentum	Lindl.
Fabaceae	Trifolium	macraei 	Trifolium macraei	Torr. & A. Gray
Fabaceae	Trifolium	microcephalum 	Trifolium microcephalum	Hook. & Arn.
Fabaceae	Trifolium	variegatum 	Trifolium variegatum	Pursh
Fabaceae	Trifolium	willdenovii 	Trifolium willdenovii	Nutt. var. major Lojac.
Fabaceae	Trifolium	americana 	Vicia americana	Spreng.
Fabaceae	Vicia	benghalensis 	Vicia benghalensis	Muhl. ex Willd. subsp. americana
Fabaceae	Vicia	hassei 	Vicia hassei	L.
Fabaceae	Vicia	ludoviciana 	Vicia ludoviciana	S. Watson
Fabaceae	Vicia	sativa 	Vicia sativa	Torr. & A. Gray subsp. ludoviciana
Fabaceae	Vicia	agrifolia 	Quercus agrifolia	L. subsp. sativa
Fagaceae	Quercus	chrysolepis 	Quercus chrysolepis	Née var. agrifolia
Fagaceae	Quercus	chrysolepis 	Quercus chrysolepis	Liebm.
Fagaceae	Quercus	douglasii 	Quercus douglasii	x tomentella
Fagaceae	Quercus	douglasii 	Quercus douglasii	Hook. & Arn.
Fagaceae	Quercus	kelloggii 	Quercus kelloggii	x pacifica
Fagaceae	Quercus	lobata 	Quercus lobata	Newb.
Fagaceae	Quercus	pacifica 	Quercus pacifica	Née
Fagaceae	Quercus	parvula 	Quercus parvula	Nixon & C.H. Mull.
Fagaceae	Quercus	tomentella 	Quercus tomentella	Greene var. parvula
Fagaceae	Quercus	x 	Quercus x	Engelm.
Fagaceae	Quercus	salina 	Frankenia salina	macdonaldii Greene
Frankeniaceae	Frankenia	veatchii 	Garrya veatchii	(Molina) I.M. Johnst.
Garryaceae	Garrya	davyi 	Zeltnera davyi	Kellogg
Gentianaceae	Zeltnera	macrophylla 	California macrophylla	(Jeps.) G. Mans.
Geraniaceae	California	botrys 	Erodium botrys	(Hook. & Arn.) J.J. Aldasoro et al.
Geraniaceae	Erodium	brachycarpum 	Erodium brachycarpum	(Cav.) Bertol.
Geraniaceae	Erodium	cicutarium 	Erodium cicutarium	(Godr.) Thell.
Geraniaceae	Erodium	moschatum 	Erodium moschatum	(L.) Aiton
Geraniaceae	Erodium	carolinianum 	Geranium carolinianum	(L.) Aiton
Geraniaceae	Geranium	dissectum 	Geranium dissectum	L.
Geraniaceae	Geranium	molle 	Geranium molle	L.
Geraniaceae	Geranium	malvaceum 	Pelargonium	L.
Geraniaceae	Pelargonium	thacherianum 	Ribes malvaceum	×hortorum L.H. Bailey
Grossulariaceae	Ribes	curassavicum 	Ribes thacherianum	Sm. var. malvaceum
Grossulariaceae	Ribes	penduliflora 	Heliotropium curassavicum	(Jeps.) Munz
Heliotropiaceae	Heliotropium	chrysanthemifolia 	Emmenanthe penduliflora	L. var. oculatum (A. Heller) I.M. Johnst. ex Tidestr.
Hydrophyllaceae	Emmenanthe	pedunculata 	Eucrypta chrysanthemifolia	Benth. var. penduliflora
Hydrophyllaceae	Eucrypta	cicutaria 	Nemophila pedunculata	(Benth.) Greene var. chrysanthemifolia
Hydrophyllaceae	Nemophila	distans 	Phacelia cicutaria	Benth.
Hydrophyllaceae	Phacelia	grandiflora 	Phacelia distans	Greene var. hispida J.T. Howell
Hydrophyllaceae	Phacelia	hubbyi 	Phacelia grandiflora	Benth.
Hydrophyllaceae	Phacelia	ramosissima 	Phacelia hubbyi	(Benth.) A. Gray
Hydrophyllaceae	Phacelia	viscida 	Phacelia ramosissima	(J.F. Macbr.) L.M. Garrison
Hydrophyllaceae	Phacelia	auritum 	Phacelia viscida	Douglas ex Lehm.
Hydrophyllaceae	Phacelia	racemosum 	Pholistoma auritum	(Lindl.) Torr. var. viscida
Hydrophyllaceae	Pholistoma	douglasii 	Pholistoma racemosum	(Lindl.) Lilja var. auritum
Hydrophyllaceae	Pholistoma	amplexicaule 	Clinopodium douglasii	(A. Gray) Constance
Lamiaceae	Clinopodium	fragrans 	Lamium amplexicaule	(Benth.) Kuntze
Lamiaceae	Lamium	vulgare 	Lepechinia fragrans	L.
Lamiaceae	Lepechinia	spicata 	Marrubium vulgare	(Greene) Epling
Lamiaceae	Marrubium	columbariae 	Mentha spicata	L.
Lamiaceae	Mentha	leucophylla 	Salvia columbariae	L.
Lamiaceae	Salvia	mellifera 	Salvia leucophylla	Benth.
Lamiaceae	Salvia	tuberosa 	Salvia mellifera	Greene
Lamiaceae	Salvia	bullata 	Scutellaria tuberosa	Greene
Lamiaceae	Scutellaria	affinis 	Stachys bullata	Benth.
Lamiaceae	Stachys	micrantha 	Mentzelia affinis	Benth.
Loasaceae	Mentzelia	californicum 	Mentzelia micrantha	Greene
Loasaceae	Mentzelia	hyssopifolia 	Lythrum californicum	(Hook. & Arn.) Torr. & A. Gray
Lythraceae	Lythrum	exilis 	Lythrum hyssopifolia	Torr. & A.Gray
Lythraceae	Lythrum	fasciculatus 	Eremalche exilis	L.
Malvaceae	Eremalche	assurgentiflora 	Malacothamnus fasciculatus	(A. Gray) Greene
Malvaceae	Malacothamnus	nicaeensis 	Malva assurgentiflora	(Torr. & A. Gray) Greene var. nesioticus (Rob.) Kearney
Malvaceae	Malva	parviflora 	Malva nicaeensis	ssp. assurgentiflora
Malvaceae	Malva	malviflora 	Malva parviflora	All.
Malvaceae	Malva	breweri 	Sidalcea malviflora	L.
Malvaceae	Sidalcea	menziesii 	Calandrinia breweri	(DC.) A. Gray subsp. malviflora
Montiaceae	Calandrinia	monandrum 	Calandrinia menziesii	S. Watson
Montiaceae	Calandrinia	maritima 	Calyptridium monandrum	(Hook.) Torr. & A. Gray
Montiaceae	Calyptridium	parviflora 	Cistanthe maritima	Nutt. in T. & G.
Montiaceae	Cistanthe	perfoliata 	Claytonia parviflora	(Nutt.) Hershk.
Montiaceae	Claytonia	perfoliata 	Claytonia perfoliata	Hook. subsp. parviflora
Montiaceae	Claytonia	fontana 	Claytonia perfoliata	Willd. subsp. mexicana (Rydb.) John M. Mill. & K.L. Chambers
Montiaceae	Claytonia	carica 	Montia fontana	Willd. subsp. perfoliata
Montiaceae	Montia	arvensis 	Ficus carica	L.
Moraceae	Ficus	camaldulensis 	Lysimachia arvensis	L.
Myrsinaceae	Lysimachia	globulus 	Eucalyptus camaldulensis	(L.) U. Manns & Anderb.
Myrtaceae	Eucalyptus	sideroxylon 	Eucalyptus globulus	Dehnh.
Myrtaceae	Eucalyptus	tereticornis 	Eucalyptus sideroxylon	Labill.
Myrtaceae	Eucalyptus	maritima 	Eucalyptus tereticornis	Woolls
Myrtaceae	Eucalyptus	umbellata 	Abronia maritima	Sm.
Nyctaginaceae	Abronia	laevis 	Abronia umbellata	S. Watson
Nyctaginaceae	Abronia	europaea 	Mirabilis laevis	Lam. var. umbellata
Nyctaginaceae	Mirabilis	cheiranthifolia 	Olea europaea	(Benth.) Curran var. crassifolia (Choisy) Spellenb.
Oleaceae	Olea	hirtella 	Camissoniopsis cheiranthifolia	L.
Onagraceae	Camissoniopsis	ignota 	Camissoniopsis hirtella	(Spreng.)W.L.Wagner&Hoch ssp. cheiranthifolia
Onagraceae	Camissoniopsis	intermedia 	Camissoniopsis ignota	(Greene)W.L.Wagner&Hoch
Onagraceae	Camissoniopsis	micrantha 	Camissoniopsis intermedia	(Jeps.)W.L.Wagner&Hoch
Onagraceae	Camissoniopsis	robusta 	Camissoniopsis micrantha	(P.H. Raven) W.L. Wagner & Hoch
Onagraceae	Camissoniopsis	davyi 	Camissoniopsis robusta	(Spreng.) W.L. Wagner & Hoch
Onagraceae	Camissoniopsis	epilobioides 	Clarkia davyi	(P.H. Raven) W.L. Wagner & Hoch
Onagraceae	Clarkia	purpurea 	Clarkia epilobioides	(Jeps.)H.Lewis&M.Lewis
Onagraceae	Clarkia	unguiculata 	Clarkia purpurea	(Torr. & A. Gray) A. Nelson & J.F. Macbr.
Onagraceae	Clarkia	brachycarpum 	Clarkia unguiculata	(Curtis) A. Nelson & J.F. Macbr. subsp. quadrivulnera (Lindl.) H. Lewis & M. Lewis
Onagraceae	Clarkia	canum 	Epilobium brachycarpum	Lindl.
Onagraceae	Epilobium	ciliatum 	Epilobium canum	C. Presl
Onagraceae	Epilobium	californicus 	Epilobium ciliatum	(Greene) P.H. Raven subsp. canum
Onagraceae	Epilobium	peploides 	Eulobus californicus	Raf. subsp. ciliatum
Onagraceae	Eulobus	elata 	Ludwigia peploides	Torr. & A. Gray
Onagraceae	Ludwigia	xenogaura 	Oenothera elata	(Kunth) P.H. Raven subsp. peploides
Onagraceae	Oenothera	fasciculatum 	Oenothera xenogaura	Kunth. ssp. hirsutissima (S. Watson) W. Dietr.
Onagraceae	Oenothera	parishii 	Aphyllon fasciculatum	W.L. Wagner & Hoch
Orobanchaceae	Aphyllon	purpureum 	Aphyllon parishii	(Nutt.) Torr. & A. Gray
Orobanchaceae	Aphyllon	tuberosum 	Aphyllon purpureum	subsp. brachylobum (Heckard) A.C. Schneid.
Orobanchaceae	Aphyllon	affinis 	Aphyllon tuberosum	(A. Heller) Holub 
Orobanchaceae	Aphyllon	attenuata 	Castilleja affinis	(A. Gray) A. Gray
Orobanchaceae	Castilleja	densiflora 	Castilleja attenuata	Hook. & Arn. subsp. affinis
Orobanchaceae	Castilleja	exserta 	Castilleja densiflora	(A.Gray) T.I. Chuang & Heckard
Orobanchaceae	Castilleja	hololeuca 	Castilleja exserta	(Benth.) T.I. Chuang & Heckard
Orobanchaceae	Castilleja	californica 	Castilleja hololeuca	(A. Heller) T.I. Chuang & Heckard
Orobanchaceae	Castilleja	corniculata 	Oxalis californica	Greene
Oxalidaceae	Oxalis	pes-	Oxalis corniculata	(Abrams) R. Knuth
Oxalidaceae	Oxalis	harfordii 	Oxalis pes	L.
Oxalidaceae	Oxalis	californica 	Dendromecon harfordii	caprae L.
Papaveraceae	Dendromecon	ramosa 	Eschscholzia californica	Kellogg
Papaveraceae	Eschscholzia	denticulata 	Eschscholzia ramosa	Cham.
Papaveraceae	Eschscholzia	californicum 	Meconella denticulata	(Greene) Greene
Papaveraceae	Meconella	heterophyllum 	Papaver californicum	Greene
Papaveraceae	Papaver	somniferum 	Papaver heterophyllum	A. Gray
Papaveraceae	Papaver	californicus 	Papaver somniferum	(Benth.) Greene
Papaveraceae	Papaver	brandegeei	Platystemon californicus	L.
Papaveraceae	Platystemon	longiflorus 	Diplacus brandegeei	Benth.
Phrymaceae	Diplacus	parviflorus 	Diplacus longiflorus	
Phrymaceae	Diplacus	cardinalis 	Diplacus parviflorus	Nutt.
Phrymaceae	Diplacus	guttata 	Erythranthe cardinalis	Greene
Phrymaceae	Erythranthe	nasuta 	Erythranthe guttata	(Douglas ex Benth.) Spach
Phrymaceae	Erythranthe	kelloggii 	Erythranthe nasuta	(Fisch. ex DC.) G.L. Nesom
Phrymaceae	Erythranthe	nuttallianum 	Antirrhinum kelloggii	(Greene) G.L. Nesom
Plantaginaceae	Antirrhinum	thompsonii 	Antirrhinum nuttallianum	Greene
Plantaginaceae	Antirrhinum	cordifolia 	Antirrhinum thompsonii	A. DC. subsp. subsessile (A. Gray) D.M. Thomps.
Plantaginaceae	Antirrhinum	texanus 	Keckiella cordifolia	D.J. Keil
Plantaginaceae	Keckiella	elongata 	Nuttallanthus texanus	(Benth.) Straw
Plantaginaceae	Nuttallanthus	erecta 	Plantago elongata	(Scheele) D.A. Sutton
Plantaginaceae	Plantago	lanceolata 	Plantago erecta	Pursh
Plantaginaceae	Plantago	major 	Plantago lanceolata	E. Morris
Plantaginaceae	Plantago	ovata 	Plantago major	L.
Plantaginaceae	Plantago	subnuda 	Plantago ovata	L.
Plantaginaceae	Plantago	anagallis-	Plantago subnuda	Forssk. var. insularis (Eastw.) S.C. Meyers & A. Liston
Plantaginaceae	Plantago	racemosa 	Veronica anagallis	Pilg.
Plantaginaceae	Veronica	filifolium 	Platanus racemosa	aquatica L.
Platanaceae	Platanus	angelensis 	Eriastrum filifolium	Nutt.
Polemoniaceae	Eriastrum	capitata 	Gilia angelensis	(Nutt.) Wooton & Standl.
Polemoniaceae	Gilia	clivorum 	Gilia capitata	V.E. Grant
Polemoniaceae	Gilia	nevinii 	Gilia clivorum	Sims subsp. abrotanifolia (Greene) V.E. Grant
Polemoniaceae	Gilia	bicolor 	Gilia nevinii	(Jeps.) V.E. Grant
Polemoniaceae	Gilia	parviflorus 	Leptosiphon bicolor	A. Gray
Polemoniaceae	Leptosiphon	dianthiflorus 	Leptosiphon parviflorus	Nutt.
Polemoniaceae	Leptosiphon	atractyloides 	Linanthus dianthiflorus	Benth.
Polemoniaceae	Linanthus	hamata 	Navarretia atractyloides	(Benth.) Greene
Polemoniaceae	Navarretia	californica 	Navarretia hamata	(Benth.) Hook. & Arn.
Polemoniaceae	Navarretia	wheeleri 	Polygala californica	Greene subsp. leptantha (Greene) H. Mason
Polygalaceae	Polygala	arborescens 	Chorizanthe wheeleri	Nutt.
Polygonaceae	Chorizanthe	giganteum 	Eriogonum arborescens	S. Watson
Polygonaceae	Eriogonum	grande 	Eriogonum giganteum	Greene
Polygonaceae	Eriogonum	grande 	Eriogonum grande	S. Watson var. giganteum
Polygonaceae	Eriogonum	coriacea 	Eriogonum grande	Greene var. grande
Polygonaceae	Eriogonum	lapathifolia 	Lastarriaea coriacea	Greene var. rubescens (Greene) Munz
Polygonaceae	Lastarriaea	argyrocoleon 	Persicaria lapathifolia	(Goodman) Hoover
Polygonaceae	Persicaria	aviculare 	Polygonum argyrocoleon	(L.) Gray
Polygonaceae	Polygonum	drymarioides 	Polygonum aviculare	Kunze
Polygonaceae	Polygonum	acetosella 	Pterostegia drymarioides	L. subsp. depressum (Meisn.) Arcang.
Polygonaceae	Pterostegia	conglomeratus 	Rumex acetosella	Fisch. & C.A. Mey.
Polygonaceae	Rumex	crispus 	Rumex conglomeratus	L.
Polygonaceae	Rumex	pulcher 	Rumex crispus	Murray
Polygonaceae	Rumex	salicifolius 	Rumex pulcher	L.
Polygonaceae	Rumex	oleracea 	Rumex salicifolius	L.
Polygonaceae	Rumex	clevelandii 	Portulaca oleracea	Weinm.
Portulacaceae	Portulaca	lasiantha 	Primula clevelandii	L.
Primulaceae	Primula	ligusticifolia 	Clematis lasiantha	(Greene) A.R. Mast & Reveal var. insularis (H.J. Thomps.) A.R. Mast & Reveal
Ranunculaceae	Clematis	pauciflora 	Clematis ligusticifolia	Nutt.
Ranunculaceae	Clematis	parryi 	Clematis pauciflora	Nutt.
Ranunculaceae	Clematis	parryi 	Delphinium parryi	Nutt.
Ranunculaceae	Delphinium	californicus 	Delphinium parryi	A. Gray subsp. maritimum (Davidson) M.J. Warnock
Ranunculaceae	Delphinium	hebecarpus 	Ranunculus californicus	A. Gray subsp. parryi
Ranunculaceae	Ranunculus	linifolia 	Ranunculus hebecarpus	Benth. var. cuneatus Greene
Ranunculaceae	Ranunculus	arboreus 	Oligomeris linifolia	Hook. & Arn.
Resedaceae	Oligomeris	megacarpus 	Ceanothus arboreus	(Hornem.) J.F. Macbr.
Rhamnaceae	Ceanothus	megacarpus 	Ceanothus megacarpus	Greene
Rhamnaceae	Ceanothus	californica 	Ceanothus megacarpus	Nutt. var. insularis (Eastw.) Munz
Rhamnaceae	Ceanothus	pirifolia 	Frangula californica	Nutt. var. megacarpus
Rhamnaceae	Frangula	fasciculatum 	Rhamnus pirifolia	(Eschsch.) A. Gray subsp. californica
Rhamnaceae	Rhamnus	fasciculatum 	Adenostoma fasciculatum	Greene
Rosaceae	Adenostoma	occidentalis 	Adenostoma fasciculatum	Hook. & Arn. var. fasciculatum
Rosaceae	Adenostoma	betuloides 	Aphanes occidentalis	Hook. & Arn. var. prostratum Dunkle
Rosaceae	Aphanes	arbutifolia 	Cercocarpus betuloides	(Nutt.) Rydb.
Rosaceae	Cercocarpus	discolor 	Heteromeles arbutifolia	Nutt. var. blancheae (C.K. Schneid.) Little
Rosaceae	Heteromeles	floribundus 	Holodiscus discolor	(Lindl.) M. Roem.
Rosaceae	Holodiscus	anserina 	Lyonothamnus floribundus	(Pursh) Maxim. var. discolor
Rosaceae	Lyonothamnus	ilicifolia 	Potentilla anserina	A. Gray subsp. aspleniifolius (Greene) P. H. Raven
Rosaceae	Potentilla	californica 	Prunus ilicifolia	L. subsp. pacifica (Howell) Rousi
Rosaceae	Prunus	ursinus 	Rosa californica	(Hook. & Arn.) D. Dietr. subsp. lyonii (Eastw.) P.H. Raven
Rosaceae	Rosa	angustifolium 	Rubus ursinus	Cham. & Schltdl.
Rosaceae	Rubus	aparine 	Galium angustifolium	Cham. & Schltdl.
Rubiaceae	Galium	buxifolium 	Galium aparine	A. Gray subsp. foliosum (Hilend & J.T. Howell) Dempster & Stebbins
Rubiaceae	Galium	californicum 	Galium buxifolium	L.
Rubiaceae	Galium	nuttallii 	Galium californicum	Greene
Rubiaceae	Galium	porrigens 	Galium nuttallii	Hook. & Arn. subsp. flaccidum (Greene) Dempster & Stebbins
Rubiaceae	Galium	fremontii 	Galium porrigens	A. Gray subsp. insulare Ferris
Rubiaceae	Galium	trichocarpa 	Populus fremontii	Dempster var. porrigens
Salicaceae	Populus	exigua 	Populus trichocarpa	S. Watson subsp. fremontii
Salicaceae	Populus	laevigata 	Salix exigua	Hook.
Salicaceae	Salix	lasiandra 	Salix laevigata	Nutt.
Salicaceae	Salix	lasiolepis 	Salix lasiandra	Bebb
Salicaceae	Salix	macrophyllum 	Salix lasiolepis	Benth. var. lasiandra
Salicaceae	Salix	maxima 	Acer macrophyllum	Benth.
Sapindaceae	Acer	malvifolia 	Heuchera maxima	Pursh
Saxifragaceae	Heuchera	cymbalaria 	Jepsonia malvifolia	Greene
Saxifragaceae	Jepsonia	californica 	Lithophragma cymbalaria	(Greene) Small
Saxifragaceae	Lithophragma	laetum 	Micranthes californica	Torr. & A. Gray
Saxifragaceae	Micranthes	thapsus 	Myoporum laetum	(Greene) Small
Scrophulariaceae	Myoporum	wrightii 	Verbascum thapsus	G. Forst.
Scrophulariaceae	Verbascum	californicum 	Datura wrightii	L.
Solanaceae	Datura	esculentum 	Lycium californicum	Regel
Solanaceae	Lycium	clevelandii 	Lycopersicum esculentum	Nutt.
Solanaceae	Lycopersicum	glauca 	Nicotiana clevelandii	Mill.
Solanaceae	Nicotiana	douglasii 	Nicotiana glauca	A. Gray
Solanaceae	Nicotiana	elaeagnifolium 	Solanum douglasii	Graham
Solanaceae	Solanum	wallacei 	Solanum elaeagnifolium	Dunal
Solanaceae	Solanum	ramosissima 	Solanum wallacei	Cav.
Solanaceae	Solanum	parviflorus 	Tamarix ramosissima	(A. Gray) Parish
Tamaricaceae	Tamarix	xhollandica 	Samolus parviflorus	Ledeb.
Theophrastaceae	Samolus	tenella 	Ulmus xhollandica	Raf.
Ulmaceae	Ulmus	hespera 	Hesperocnide tenella	Mill.
Urticaceae	Hesperocnide	dioica 	Parietaria hespera	Torr.
Urticaceae	Parietaria	gracilis 	Urtica dioica	Hinton var. californica Hinton
Urticaceae	Urtica	urens 	Urtica gracilis	L. subsp. holosericea (Nutt.) Thorne
Urticaceae	Urtica	ruber 	Urtica urens	Ait. subsp. holosericea (Nutt.) W.A. Weber
Urticaceae	Urtica	ciliosa 	Centranthus ruber	L.
Valerianaceae	Centranthus	nodiflora 	Plectritis ciliosa	(L.) DC.
Valerianaceae	Plectritis	lasiostachys 	Phyla nodiflora	(Greene) Jeps.
Verbenaceae	Phyla	pedunculata 	Verbena lasiostachys	(L.) Greene
Verbenaceae	Verbena	americana 	Viola pedunculata	Link var. scabrida Moldenke
Violaceae	Viola	lacunosum 	Agave americana	Torr. & A. Gray
Agavaceae	Agave	praecox 	Allium lacunosum	L.
Alliaceae	Allium	tazetta 	Allium praecox	S. Watson var. lacunosum
Alliaceae	Allium	filifera 	Narcissus tazetta	Brandegee
Amaryllidaceae	Narcissus	maritimus 	Washingtonia filifera	L.
Arecaceae	Washingtonia	barbarae 	Bolboschoenus maritimus	(André) de Bary
Cyperaceae	Bolboschoenus	globosa 	Carex barbarae	(L.) Palla subsp. paludosus (A. Nelson) T. Koyama
Cyperaceae	Carex	harfordii 	Carex globosa	Dewey
Cyperaceae	Carex	senta 	Carex harfordii	Boott
Cyperaceae	Carex	subbracteata 	Carex senta	Mack.
Cyperaceae	Carex	triquetra 	Carex subbracteata	Boott
Cyperaceae	Carex	tumulicola 	Carex triquetra	Mack.
Cyperaceae	Carex	involucratus 	Carex tumulicola	Boott
Cyperaceae	Carex	odoratus 	Cyperus involucratus	Mack.
Cyperaceae	Cyperus	californicus 	Cyperus odoratus	Rottb.
Cyperaceae	Cyperus	pungens 	Schoenoplectus californicus	L.
Cyperaceae	Schoenoplectus	bellum 	Schoenoplectus pungens	(C.A. Mey.) Soják
Cyperaceae	Schoenoplectus	bufonius 	Sisyrinchium bellum	(Vahl) Palla var. longispicatus (Britton) S.G. Sm.
Iridaceae	Sisyrinchium	mexicanus 	Juncus bufonius	S. Watson
Juncaceae	Juncus	patens 	Juncus mexicanus	L. var. bufonius
Juncaceae	Juncus	xiphioides 	Juncus patens	Willd.
Juncaceae	Juncus	subsessilis 	Juncus xiphioides	E. Mey.
Juncaceae	Juncus	albus 	Luzula subsessilis	E. Mey.
Juncaceae	Luzula	catalinae 	Calochortus albus	(S. Watson) Buchenau
Liliaceae	Calochortus	luteus 	Calochortus catalinae	(Benth.) Benth.
Liliaceae	Calochortus	humboldtii 	Calochortus luteus	S. Watson
Liliaceae	Calochortus	fremontii 	Lilium humboldtii	Lindl.
Liliaceae	Lilium	gigantea 	Toxicoscordion fremontii	Duch. ssp. ocellatum (Kellogg) Thorne
Melanthiaceae	Toxicoscordion	elongata 	Epipactis gigantea	(Torr.) Rydb.
Orchidaceae	Epipactis	michaelii 	Piperia elongata	Hook.
Orchidaceae	Piperia	cylindrica 	Piperia michaelii	Rydb.
Orchidaceae	Piperia	exarata 	Aegilops cylindrica	(Greene) Rydb.
Poaceae	Aegilops	pallens 	Agrostis exarata	Host
Poaceae	Agrostis	glomeratus 	Agrostis pallens	Trin.
Poaceae	Agrostis	adscensionis 	Andropogon glomeratus	Trin.
Poaceae	Andropogon	ternipes 	Aristida adscensionis	(Walter) Britton et al. var. scabriglumis C.S. Campb.
Poaceae	Aristida	donax 	Aristida ternipes	L.
Poaceae	Aristida	barbata 	Arundo donax	Cav. var. gentilis (Henrard) Allred
Poaceae	Arundo	fatua 	Avena barbata	L.
Poaceae	Avena	sativa 	Avena fatua	Link
Poaceae	Avena	distachyon 	Avena sativa	L.
Poaceae	Avena	arizonicus 	Brachypodium distachyon	L.
Poaceae	Brachypodium	berteroanus 	Bromus arizonicus	(L.) P. Beauv.
Poaceae	Bromus	catharticus 	Bromus berteroanus	(Shear) Stebbins
Poaceae	Bromus	diandrus 	Bromus catharticus	Colla
Poaceae	Bromus	hordeaceus 	Bromus diandrus	Vahl
Poaceae	Bromus	maritimus 	Bromus hordeaceus	Roth
Poaceae	Bromus	pseudolaevipes 	Bromus maritimus	L.
Poaceae	Bromus	rubens 	Bromus pseudolaevipes	(Piper) Hitchc.
Poaceae	Bromus	sitchensis 	Bromus rubens	Wagnon
Poaceae	Bromus	rubescens 	Bromus sitchensis	L.
Poaceae	Bromus	selloana 	Calamagrostis rubescens	var. carinatus (Hook. & Arn.) R.E. Brainerd and Otting
Poaceae	Calamagrostis	dactylon 	Cortaderia selloana	Buckley
Poaceae	Cortaderia	glomerata 	Cynodon dactylon	(Schult. & Schult. f.) Asch. & Graebn.
Poaceae	Cynodon	spicata 	Dactylis glomerata	(L.) Pers.
Poaceae	Dactylis	erecta 	Distichlis spicata	L.
Poaceae	Distichlis	condensatus 	Ehrharta erecta	(L.) Greene
Poaceae	Ehrharta	glaucus 	Elymus condensatus	Lam.
Poaceae	Elymus	triticoides 	Elymus glaucus	J. Presl
Poaceae	Elymus	arundinacea 	Elymus triticoides	Buckley subsp. glaucus
Poaceae	Elymus	bromoides 	Festuca arundinacea	Buckley
Poaceae	Festuca	microstachys 	Festuca bromoides	Schreb.
Poaceae	Festuca	myuros 	Festuca microstachys	L.
Poaceae	Festuca	octoflora 	Festuca myuros	Nutt.
Poaceae	Festuca	perennis 	Festuca octoflora	L.
Poaceae	Festuca	temulenta 	Festuca perennis	Walter
Poaceae	Festuca	phleoides 	Festuca temulenta	(L.) Columbus & J.P. Sm.
Poaceae	Festuca	cylindrica 	Gastridium phleoides	(L.) Columbus & J.P. Sm. Darnel
Poaceae	Gastridium	brachyantherum 	Hainardia cylindrica	(Nees & Meyen) C.E. Hubb.
Poaceae	Hainardia	depressum 	Hordeum brachyantherum	(Willd.) Greuter
Poaceae	Hordeum	intercedens 	Hordeum depressum	Nevski subsp. californicum (Covas & Stebbins) Bothmer et al.
Poaceae	Hordeum	marinum 	Hordeum intercedens	(Scribn. & J.G. Sm.) Rydb.
Poaceae	Hordeum	murinum 	Hordeum marinum	Nevski
Poaceae	Hordeum	murinum 	Hordeum murinum	Huds. subsp. gussoneanum (Parl.) Thell.
Poaceae	Hordeum	vulgare 	Hordeum murinum	L. subsp. glaucum (Steud.) Tzvelev
Poaceae	Hordeum	gerardii 	Hordeum vulgare	L. subsp. leporinum (Link) Arcang.
Poaceae	Hordeum	macrantha 	Koeleria gerardii	L.
Poaceae	Koeleria	aurea 	Koeleria macrantha	(Vill.) Shinners
Poaceae	Koeleria	imperfecta 	Lamarckia aurea	(Ledeb.) Schult.
Poaceae	Lamarckia	microsperma 	Melica imperfecta	(L.) Moench
Poaceae	Melica	incurva 	Muhlenbergia microsperma	Trin.
Poaceae	Muhlenbergia	distichum 	Parapholis incurva	(DC.) Kunth
Poaceae	Parapholis	clandestinum 	Paspalum distichum	(L.) C.E. Hubb.
Poaceae	Paspalum	aquatica 	Pennisetum clandestinum	L.
Poaceae	Pennisetum	caroliniana 	Phalaris aquatica	Chiov.
Poaceae	Phalaris	minor 	Phalaris caroliniana	L.
Poaceae	Phalaris	paradoxa 	Phalaris minor	Walter
Poaceae	Phalaris	annua 	Phalaris paradoxa	Retz.
Poaceae	Phalaris	howellii 	Poa annua	L.
Poaceae	Poa	secunda 	Poa howellii	L.
Poaceae	Poa	interruptus 	Poa secunda	Vasey & Scribn.
Poaceae	Poa	monspeliensis 	Polypogon interruptus	J. Presl subsp. secunda
Poaceae	Polypogon	viridis 	Polypogon monspeliensis	Kunth
Poaceae	Polypogon	arabicus 	Polypogon viridis	(L.) Desf.
Poaceae	Polypogon	barbatus 	Schismus arabicus	(Gouan) Breistr.
Poaceae	Schismus	cernua 	Schismus barbatus	Nees
Poaceae	Schismus	diegoensis 	Stipa cernua	(L.) Thell.
Poaceae	Stipa	lepida 	Stipa diegoensis	Stebbins & Love
Poaceae	Stipa	miliacea 	Stipa lepida	Swallen
Poaceae	Stipa	pulchra 	Stipa miliacea	Hitchc.
Poaceae	Stipa	pectinata 	Stipa pulchra	(L.) Hoover var. miliacea
Poaceae	Stipa	maritima 	Stuckenia pectinata	Hitchc.
Potamogetonaceae	Stuckenia	crocea 	Ruppia maritima	(L.) Börner
Ruppiaceae	Ruppia	jolonensis 	Bloomeria crocea	L.
Themidaceae	Bloomeria	capitatus 	Brodiaea jolonensis	(Torr.) Coville
Themidaceae	Brodiaea	hyacinthina 	Dipterostemon capitatus	Eastw.
Themidaceae	Dipterostemon	domingensis 	Triteleia hyacinthina	(Benth.) Rydb. subsp. capitatus
Themidaceae	Triteleia	latifolia 	Typha domingensis	(Lindl.) Greene
Typhaceae	Typha	palustris 	Typha latifolia	Pers.
Typhaceae	Typha	scouleri 	Zannichellia palustris	L.
Zannichelliaceae	Zannichellia	torreyi 	Phyllospadix scouleri	L.
Zosteraceae	Phyllospadix	pacifica 	Phyllospadix torreyi	Hook.
Zosteraceae	Phyllospadix		Zostera pacifica	S. Watson
Zosteraceae	Zostera		Zostera pacifica S. Watson	S. Watson
